black,deny,piratio
0,0,0
0,0,0.04
0,1,0.04
1,0,0.056
0,0,0.0699
0,0,0.07
0,0,0.07
0,1,0.07
0,0,0.08
0,0,0.08
1,0,0.08
0,0,0.08
0,0,0.08
1,1,0.08
0,0,0.09
0,0,0.099
0,0,0.1
0,0,0.1
0,0,0.1
0,0,0.1
0,0,0.1
0,0,0.1
0,0,0.1
1,0,0.1
0,1,0.1043
1,0,0.1062
0,0,0.1079
0,0,0.11
0,0,0.11
0,0,0.11
0,0,0.11
0,0,0.11
0,0,0.11
0,0,0.113
0,0,0.1135
0,0,0.114
0,0,0.12
0,0,0.12
0,0,0.12
0,0,0.12
0,1,0.12
1,0,0.1209
0,0,0.121
0,0,0.1238
0,0,0.126
0,0,0.13
0,0,0.13
0,0,0.13
0,0,0.13
0,0,0.13
0,1,0.1308
0,1,0.135
0,0,0.14
0,0,0.14
0,0,0.14
0,0,0.14
0,0,0.14
0,0,0.14
1,0,0.14
0,0,0.14
0,1,0.14
0,0,0.14
0,1,0.142
0,0,0.143
0,0,0.1439
0,0,0.146
0,0,0.15
0,0,0.15
0,0,0.15
0,0,0.15
0,0,0.15
1,0,0.15
0,1,0.15
0,0,0.155
0,0,0.1553
0,0,0.156
0,0,0.16
0,0,0.16
0,0,0.16
0,0,0.16
1,0,0.16
1,0,0.16
0,0,0.16
0,1,0.16
0,0,0.16
0,0,0.16
0,1,0.16
0,0,0.1607
1,0,0.1629
0,0,0.164
0,0,0.165
0,0,0.169
0,1,0.1693
1,0,0.17
0,0,0.17
0,0,0.17
0,0,0.17
0,0,0.17
0,0,0.17
0,0,0.17
0,0,0.17
0,0,0.17
0,0,0.17
0,0,0.17
0,0,0.17
0,0,0.173
0,0,0.174
0,0,0.175
0,0,0.175
0,1,0.175
0,0,0.1751
0,0,0.176
0,0,0.176
1,0,0.176
0,0,0.1777
0,0,0.18
0,0,0.18
0,0,0.18
0,1,0.18
0,1,0.18
1,0,0.18
1,1,0.18
0,0,0.18
0,0,0.18
0,0,0.18
0,0,0.18
0,0,0.18
0,0,0.18
0,1,0.18
1,1,0.18
0,0,0.18
0,0,0.184
1,1,0.184
1,0,0.1851
0,0,0.19
0,0,0.19
0,0,0.19
0,0,0.19
0,0,0.19
1,0,0.19
0,0,0.19
0,0,0.19
1,0,0.19
0,0,0.19
0,0,0.19
0,0,0.19
0,0,0.19
0,0,0.19
0,0,0.19
0,0,0.19
0,0,0.19
0,0,0.19
0,1,0.19
0,1,0.19
0,0,0.19
1,0,0.1901
0,0,0.1922
0,1,0.1927
0,0,0.193
0,0,0.194
0,0,0.1944
0,0,0.1956
0,0,0.1987
0,0,0.1995
0,0,0.2
0,0,0.2
0,0,0.2
0,1,0.2
0,0,0.2
0,0,0.2
0,0,0.2
0,0,0.2
0,0,0.2
0,0,0.2
0,0,0.2
0,0,0.2
0,1,0.2
0,0,0.2
0,0,0.2
0,1,0.2
0,0,0.2
0,0,0.2
0,0,0.2
0,0,0.2
0,1,0.2
1,0,0.2
0,0,0.2
1,0,0.2005
0,0,0.201
1,0,0.203
0,1,0.2052
1,0,0.2058
0,0,0.206
0,0,0.209
0,0,0.21
0,0,0.21
1,1,0.21
0,0,0.21
0,0,0.21
0,0,0.21
0,0,0.21
0,0,0.21
1,1,0.21
1,0,0.21
0,0,0.21
0,0,0.21
0,0,0.21
0,0,0.21
0,0,0.21
0,0,0.21
0,0,0.21
0,0,0.21
0,0,0.21
0,0,0.21
0,0,0.21
0,0,0.21
0,0,0.21
0,0,0.21
0,1,0.21
0,1,0.2102
0,0,0.2116
0,0,0.212
1,0,0.216
0,0,0.216
0,0,0.217
0,0,0.217
0,0,0.218
0,0,0.2185
1,1,0.219
0,0,0.219
0,0,0.219
0,0,0.219
0,0,0.2191
0,0,0.22
0,0,0.22
1,0,0.22
0,0,0.22
0,0,0.22
0,0,0.22
0,0,0.22
1,0,0.22
1,1,0.22
0,0,0.22
0,0,0.22
0,0,0.22
0,0,0.22
0,0,0.22
0,0,0.22
0,0,0.22
0,0,0.22
0,0,0.22
0,0,0.22
0,0,0.22
1,0,0.22
0,0,0.22
0,0,0.22
0,0,0.22
0,0,0.22
0,0,0.221
0,0,0.221
0,0,0.222
0,0,0.223
0,0,0.2236
0,0,0.225
0,0,0.225
0,0,0.2251
1,0,0.2258
0,0,0.228
0,0,0.228
0,0,0.23
0,0,0.23
0,0,0.23
0,0,0.23
0,0,0.23
0,1,0.23
0,1,0.23
0,0,0.23
0,0,0.23
0,0,0.23
0,0,0.23
0,1,0.23
0,0,0.23
1,0,0.23
0,0,0.23
0,0,0.23
0,0,0.23
0,0,0.23
0,0,0.23
0,0,0.23
0,0,0.23
1,0,0.23
0,0,0.23
0,0,0.23
0,0,0.23
0,0,0.23
0,0,0.23
0,0,0.23
0,0,0.23
0,0,0.231
0,0,0.231
1,0,0.2311
0,0,0.233
0,0,0.234
0,0,0.2343
0,0,0.235
0,0,0.236
0,0,0.239
0,0,0.24
0,0,0.24
0,0,0.24
0,0,0.24
0,1,0.24
0,0,0.24
1,0,0.24
1,1,0.24
0,0,0.24
0,0,0.24
0,0,0.24
0,0,0.24
0,0,0.24
0,1,0.24
0,0,0.24
0,0,0.24
0,1,0.24
0,0,0.24
0,0,0.24
0,0,0.24
0,0,0.24
0,0,0.24
1,0,0.24
0,0,0.24
0,0,0.24
0,0,0.24
0,0,0.24
0,0,0.24
1,0,0.24
0,0,0.24
0,0,0.24
0,0,0.24
0,0,0.24
0,0,0.24
0,0,0.24
0,0,0.24
0,0,0.24
0,0,0.24
0,0,0.24
0,0,0.24
0,0,0.2403
0,0,0.2406
0,0,0.241
0,0,0.242
0,1,0.2423
0,0,0.243
0,0,0.244
0,0,0.244
0,0,0.2442
0,0,0.245
0,0,0.2458
0,0,0.2463
0,0,0.2465
0,0,0.2474
0,0,0.2476
1,0,0.248
0,0,0.249
1,0,0.249
0,0,0.25
0,0,0.25
0,0,0.25
0,0,0.25
1,0,0.25
0,0,0.25
0,0,0.25
0,0,0.25
0,0,0.25
0,0,0.25
1,0,0.25
0,0,0.25
0,0,0.25
1,0,0.25
1,0,0.25
1,0,0.25
1,1,0.25
0,1,0.25
0,0,0.25
0,0,0.25
0,0,0.25
0,1,0.25
0,0,0.25
0,0,0.25
0,0,0.25
0,0,0.25
0,0,0.25
0,0,0.25
0,0,0.25
0,0,0.25
0,0,0.25
0,0,0.25
0,0,0.25
0,0,0.25
1,0,0.25
0,0,0.25
0,0,0.25
0,0,0.25
0,0,0.25
1,0,0.25
0,0,0.25
0,0,0.25
1,0,0.25
1,0,0.25
1,1,0.25
0,0,0.25
0,1,0.25
0,0,0.25
1,0,0.25
0,0,0.25
0,0,0.25
0,0,0.252
1,1,0.252
0,0,0.2527
0,0,0.253
1,1,0.253
0,0,0.2538
0,0,0.254
1,0,0.254
1,1,0.2542
1,0,0.255
0,0,0.2567
0,0,0.2575
0,0,0.258
0,0,0.258
0,0,0.2594
1,0,0.26
0,0,0.26
0,0,0.26
0,0,0.26
0,0,0.26
0,0,0.26
0,0,0.26
0,0,0.26
0,0,0.26
0,0,0.26
1,1,0.26
0,0,0.26
0,0,0.26
0,0,0.26
0,0,0.26
0,0,0.26
0,0,0.26
0,0,0.26
0,0,0.26
0,0,0.26
0,0,0.26
0,0,0.26
0,0,0.26
0,0,0.26
0,0,0.26
0,0,0.26
0,0,0.26
0,0,0.26
0,0,0.26
0,0,0.26
0,0,0.26
0,0,0.26
0,0,0.26
0,0,0.26
0,1,0.26
0,0,0.26
0,0,0.26
0,0,0.26
0,0,0.26
0,0,0.26
0,0,0.26
0,0,0.26
0,0,0.26
0,0,0.26
0,0,0.26
0,0,0.26
0,0,0.26
0,0,0.26
0,0,0.26
0,0,0.26
0,1,0.26
0,0,0.26
0,0,0.26
0,0,0.26
0,0,0.26
0,0,0.26
0,0,0.26
0,0,0.26
0,0,0.26
0,0,0.261
0,0,0.2618
0,0,0.262
0,0,0.262
0,0,0.2622
0,0,0.263
0,0,0.263
0,0,0.263
0,0,0.264
1,0,0.264
0,0,0.264
0,1,0.2642
0,0,0.265
0,1,0.265
0,0,0.2652
0,0,0.266
0,0,0.266
0,0,0.266
0,0,0.266
0,0,0.266
0,0,0.266
0,0,0.266
0,0,0.2664
0,0,0.267
0,0,0.2673
0,1,0.2679
0,0,0.268
0,0,0.269
1,1,0.2695
0,1,0.27
0,0,0.27
0,0,0.27
0,0,0.27
0,0,0.27
0,0,0.27
0,0,0.27
0,0,0.27
0,0,0.27
0,0,0.27
0,0,0.27
0,0,0.27
0,0,0.27
0,1,0.27
0,0,0.27
0,0,0.27
0,0,0.27
0,0,0.27
0,0,0.27
0,0,0.27
1,0,0.27
0,0,0.27
0,0,0.27
0,0,0.27
1,1,0.27
0,0,0.27
1,0,0.27
0,0,0.27
0,0,0.27
0,0,0.27
0,0,0.27
0,0,0.27
0,0,0.27
0,0,0.27
0,0,0.27
0,0,0.27
0,0,0.27
0,0,0.27
0,0,0.27
1,0,0.27
0,0,0.27
1,0,0.27
1,0,0.27
0,0,0.27
0,0,0.27
0,0,0.27
0,0,0.27
0,0,0.27
0,0,0.27
0,0,0.27
0,0,0.27
0,0,0.27
1,0,0.27
0,0,0.27
0,0,0.27
0,0,0.27
0,0,0.27
0,0,0.27
0,0,0.27
0,0,0.27
0,0,0.27
0,1,0.27
1,1,0.27
0,0,0.27
0,0,0.27
1,0,0.27
0,0,0.27
0,0,0.27
0,0,0.2704
1,0,0.2712
0,0,0.272
0,0,0.2733
0,0,0.2745
0,0,0.275
0,0,0.275
0,0,0.2752
0,0,0.2758
0,0,0.276
1,0,0.276
0,0,0.276
0,0,0.2763
0,0,0.277
0,0,0.277
0,0,0.2775
0,0,0.2779
0,0,0.278
0,0,0.278
0,0,0.278
0,0,0.278
0,0,0.279
0,0,0.279
0,0,0.279
0,0,0.2797
0,0,0.28
0,0,0.28
0,1,0.28
0,0,0.28
0,0,0.28
0,0,0.28
0,0,0.28
0,0,0.28
0,0,0.28
0,0,0.28
0,0,0.28
0,0,0.28
0,0,0.28
0,0,0.28
0,0,0.28
0,0,0.28
0,0,0.28
0,0,0.28
0,0,0.28
0,0,0.28
0,0,0.28
0,0,0.28
0,0,0.28
0,1,0.28
0,0,0.28
0,0,0.28
0,0,0.28
0,0,0.28
0,0,0.28
0,0,0.28
0,0,0.28
0,0,0.28
0,0,0.28
0,0,0.28
0,0,0.28
0,0,0.28
0,1,0.28
0,0,0.28
0,0,0.28
0,0,0.28
0,0,0.28
0,0,0.28
0,0,0.28
0,0,0.28
0,0,0.28
0,0,0.28
0,0,0.28
0,0,0.28
0,0,0.28
1,0,0.28
0,0,0.28
0,0,0.28
1,0,0.28
0,0,0.28
0,0,0.28
0,0,0.28
0,0,0.28
0,0,0.28
1,0,0.28
0,0,0.28
0,1,0.28
0,1,0.28
1,1,0.28
0,0,0.28
0,0,0.28
0,0,0.28
0,0,0.28
0,0,0.28
0,0,0.28
0,0,0.28
1,0,0.2809
0,0,0.281
0,0,0.281
0,0,0.2818
0,0,0.282
1,1,0.282
0,0,0.282
0,0,0.2826
0,0,0.283
0,0,0.283
0,0,0.2831
0,0,0.284
0,0,0.284
0,0,0.2844
0,0,0.2847
1,0,0.285
0,0,0.285
0,0,0.285
1,0,0.2852
1,0,0.286
0,0,0.286
1,1,0.2866
0,0,0.2869
0,0,0.287
0,0,0.287
0,0,0.287
0,0,0.2873
0,0,0.2875
0,0,0.288
0,0,0.288
0,0,0.289
0,0,0.289
0,0,0.2898
0,0,0.29
0,0,0.29
0,0,0.29
0,1,0.29
1,1,0.29
0,0,0.29
1,0,0.29
0,0,0.29
0,0,0.29
0,0,0.29
0,0,0.29
1,0,0.29
0,0,0.29
0,0,0.29
0,0,0.29
0,0,0.29
0,0,0.29
0,0,0.29
0,0,0.29
0,0,0.29
1,0,0.29
0,0,0.29
0,0,0.29
1,0,0.29
0,0,0.29
0,0,0.29
0,0,0.29
0,0,0.29
0,0,0.29
0,0,0.29
0,0,0.29
0,0,0.29
0,1,0.29
0,0,0.29
0,0,0.29
0,0,0.29
0,0,0.29
0,0,0.29
0,0,0.29
0,0,0.29
0,0,0.29
0,0,0.29
0,0,0.29
0,0,0.29
0,0,0.29
0,0,0.29
0,0,0.29
0,0,0.29
0,0,0.29
0,0,0.29
1,0,0.29
0,1,0.29
1,0,0.29
0,0,0.29
0,0,0.29
0,0,0.29
0,0,0.29
0,0,0.29
1,0,0.29
0,0,0.29
0,0,0.29
0,0,0.29
0,0,0.29
0,0,0.29
1,0,0.29
0,0,0.29
0,1,0.29
1,1,0.29
0,0,0.29
0,0,0.2917
0,0,0.2917
0,0,0.292
0,1,0.292
0,0,0.2921
1,0,0.2926
0,0,0.293
0,0,0.293
0,1,0.293
0,0,0.293
1,0,0.293
1,0,0.2931
0,0,0.2932
1,0,0.2939
1,0,0.294
0,0,0.294
0,1,0.2941
0,0,0.2945
0,0,0.295
0,0,0.295
0,0,0.295
0,0,0.2952
0,0,0.2956
0,0,0.296
0,0,0.296
0,0,0.296
0,0,0.296
0,0,0.2963
0,0,0.2964
0,0,0.2967
0,0,0.297
0,0,0.297
0,0,0.297
0,0,0.297
0,0,0.297
1,1,0.2976
1,0,0.2979
0,0,0.298
0,0,0.298
0,0,0.2986
0,0,0.2988
0,0,0.299
0,0,0.299
0,0,0.2996
0,0,0.3
1,0,0.3
0,0,0.3
0,0,0.3
1,0,0.3
0,0,0.3
0,0,0.3
0,0,0.3
0,0,0.3
0,0,0.3
0,0,0.3
0,0,0.3
0,0,0.3
1,1,0.3
0,0,0.3
1,1,0.3
1,1,0.3
0,0,0.3
0,0,0.3
0,0,0.3
0,0,0.3
0,0,0.3
1,1,0.3
0,0,0.3
0,0,0.3
0,0,0.3
0,0,0.3
0,0,0.3
0,0,0.3
0,0,0.3
0,0,0.3
0,0,0.3
0,1,0.3
0,0,0.3
0,0,0.3
0,0,0.3
0,0,0.3
1,1,0.3
0,0,0.3
0,1,0.3
0,0,0.3
0,1,0.3
0,0,0.3
0,0,0.3
0,0,0.3
0,0,0.3
0,0,0.3
0,1,0.3
0,0,0.3
0,0,0.3
0,0,0.3
0,0,0.3
0,0,0.3
0,0,0.3
0,0,0.3
1,0,0.3
0,0,0.3
0,0,0.3
0,0,0.3
0,0,0.3
1,0,0.3
0,0,0.3
1,0,0.3
0,0,0.3
1,0,0.3
0,0,0.3
0,0,0.3
0,0,0.3
0,0,0.3
0,0,0.3
0,0,0.3008
0,0,0.301
1,0,0.301
0,0,0.301
0,1,0.301
0,0,0.301
0,0,0.3016
0,0,0.302
0,0,0.302
0,0,0.3022
0,0,0.3023
1,1,0.3027
0,1,0.303
0,0,0.3031
0,0,0.3033
0,1,0.3037
0,0,0.304
0,0,0.304
0,0,0.304
0,0,0.304
0,0,0.304
0,0,0.3044
1,0,0.3047
0,0,0.305
0,0,0.305
0,0,0.305
0,0,0.306
0,0,0.306
0,0,0.3065
0,0,0.307
0,0,0.3071
0,0,0.3073
0,0,0.3074
0,0,0.308
0,0,0.308
0,0,0.308
1,0,0.3083
0,0,0.3088
0,0,0.3088
0,0,0.309
0,0,0.3094
0,1,0.31
0,0,0.31
0,0,0.31
0,0,0.31
1,1,0.31
0,0,0.31
0,0,0.31
0,0,0.31
0,0,0.31
0,0,0.31
0,0,0.31
0,0,0.31
0,0,0.31
0,0,0.31
0,0,0.31
0,0,0.31
1,0,0.31
0,0,0.31
1,0,0.31
1,1,0.31
0,0,0.31
0,0,0.31
0,0,0.31
0,0,0.31
0,0,0.31
0,0,0.31
1,0,0.31
0,0,0.31
0,0,0.31
0,1,0.31
0,0,0.31
0,0,0.31
0,0,0.31
1,0,0.31
0,0,0.31
0,0,0.31
0,0,0.31
0,0,0.31
1,1,0.31
0,0,0.31
0,0,0.31
1,0,0.31
0,0,0.31
0,0,0.31
0,0,0.31
0,0,0.31
0,0,0.31
1,0,0.31
0,0,0.31
0,0,0.31
0,0,0.31
0,0,0.31
0,0,0.31
0,0,0.31
1,0,0.31
0,1,0.31
0,1,0.31
0,0,0.31
0,0,0.31
0,0,0.31
1,0,0.31
0,0,0.31
0,0,0.31
1,0,0.31
1,0,0.31
0,0,0.31
0,0,0.31
0,0,0.31
0,0,0.31
0,0,0.31
0,0,0.31
0,0,0.31
0,0,0.31
0,0,0.31
1,0,0.31
1,0,0.31
0,0,0.31
1,0,0.31
0,0,0.31
0,0,0.31
0,0,0.31
0,0,0.31
0,0,0.31
0,0,0.31
1,1,0.31
0,0,0.31
1,0,0.31
1,0,0.31
0,0,0.31
0,0,0.31
1,0,0.31
0,0,0.31
1,0,0.31
0,0,0.31
0,0,0.3105
0,0,0.3106
0,0,0.311
0,0,0.311
0,0,0.311
0,0,0.311
0,0,0.311
0,0,0.3111
0,0,0.3115
0,0,0.312
0,0,0.312
0,0,0.312
1,1,0.3128
0,0,0.313
0,1,0.313
0,0,0.313
0,0,0.3136
0,0,0.3136
0,0,0.314
0,0,0.314
0,1,0.314
0,0,0.314
0,0,0.3149
0,0,0.3149
1,0,0.315
0,0,0.3151
0,0,0.3158
0,0,0.316
1,0,0.316
0,1,0.316
0,0,0.316
0,0,0.3167
0,0,0.3167
0,0,0.3168
0,0,0.317
0,0,0.317
0,0,0.3172
1,0,0.3177
0,1,0.318
0,0,0.3184
1,1,0.3189
0,0,0.319
0,0,0.319
0,0,0.319
0,0,0.319
0,0,0.319
0,0,0.319
0,0,0.319
0,0,0.319
0,0,0.3191
0,0,0.3194
0,0,0.3196
0,0,0.3198
0,0,0.32
0,0,0.32
0,0,0.32
1,0,0.32
0,0,0.32
0,0,0.32
0,0,0.32
0,0,0.32
0,0,0.32
0,0,0.32
0,0,0.32
0,0,0.32
0,0,0.32
0,0,0.32
0,1,0.32
0,1,0.32
0,0,0.32
0,0,0.32
0,0,0.32
0,0,0.32
0,0,0.32
0,0,0.32
0,1,0.32
0,0,0.32
0,0,0.32
0,0,0.32
1,0,0.32
0,0,0.32
0,0,0.32
0,0,0.32
0,0,0.32
1,0,0.32
1,0,0.32
0,0,0.32
0,0,0.32
0,0,0.32
0,0,0.32
0,0,0.32
0,0,0.32
1,0,0.32
1,0,0.32
1,1,0.32
0,0,0.32
0,0,0.32
0,0,0.32
1,0,0.32
0,0,0.32
1,0,0.32
0,0,0.32
0,0,0.32
0,0,0.32
0,0,0.32
0,0,0.32
0,1,0.32
0,0,0.32
0,0,0.32
0,0,0.32
0,0,0.32
0,0,0.32
0,0,0.32
0,0,0.32
0,0,0.32
0,0,0.32
0,0,0.32
0,0,0.32
0,0,0.32
0,0,0.32
0,0,0.32
1,0,0.32
0,0,0.32
0,0,0.32
0,0,0.32
0,0,0.32
0,1,0.32
0,0,0.32
0,0,0.32
0,0,0.32
0,0,0.32
0,0,0.32
0,0,0.32
0,0,0.32
0,0,0.32
1,0,0.32
0,0,0.32
0,0,0.32
0,0,0.32
1,0,0.32
0,0,0.32
1,0,0.32
0,0,0.32
0,0,0.32
1,0,0.32
0,0,0.32
0,0,0.32
1,0,0.32
0,0,0.32
0,0,0.32
1,0,0.32
0,0,0.32
0,1,0.32
0,0,0.32
0,0,0.32
0,0,0.32
0,0,0.32
1,0,0.32
0,0,0.32
0,0,0.32
1,0,0.32
0,1,0.32
0,0,0.32
0,0,0.32
0,1,0.32
0,0,0.32
1,1,0.32
0,0,0.3204
0,0,0.3205
0,0,0.3206
0,0,0.3207
1,1,0.3207
0,0,0.321
0,0,0.321
0,0,0.321
1,1,0.321
0,0,0.3211
0,0,0.3217
0,1,0.322
0,0,0.322
0,0,0.322
0,1,0.322
0,0,0.3221
1,1,0.3221
0,0,0.3222
0,0,0.3228
0,0,0.3229
0,0,0.323
0,0,0.323
0,0,0.323
0,0,0.323
0,0,0.3237
0,0,0.3238
0,0,0.324
0,0,0.324
0,0,0.324
0,0,0.324
0,0,0.324
0,0,0.324
0,0,0.3244
0,0,0.325
0,0,0.325
0,0,0.325
0,0,0.3258
0,0,0.326
0,0,0.3262
0,0,0.327
1,0,0.328
0,0,0.328
0,0,0.3281
0,0,0.3287
1,0,0.3288
0,0,0.329
0,0,0.3295
0,0,0.3295
0,0,0.33
1,0,0.33
0,0,0.33
0,0,0.33
0,0,0.33
0,0,0.33
0,0,0.33
0,0,0.33
0,0,0.33
0,0,0.33
0,0,0.33
0,0,0.33
0,0,0.33
0,0,0.33
1,0,0.33
0,0,0.33
1,1,0.33
0,0,0.33
0,0,0.33
0,0,0.33
0,0,0.33
0,0,0.33
0,0,0.33
0,0,0.33
0,0,0.33
0,0,0.33
0,0,0.33
0,0,0.33
0,0,0.33
1,0,0.33
1,1,0.33
0,0,0.33
0,0,0.33
0,0,0.33
0,0,0.33
0,0,0.33
0,0,0.33
0,0,0.33
0,0,0.33
0,0,0.33
1,0,0.33
0,0,0.33
0,0,0.33
0,0,0.33
0,1,0.33
0,0,0.33
0,0,0.33
1,0,0.33
0,0,0.33
0,0,0.33
0,0,0.33
1,0,0.33
0,0,0.33
0,0,0.33
1,0,0.33
0,0,0.33
0,0,0.33
0,0,0.33
0,0,0.33
0,0,0.33
0,0,0.33
0,0,0.33
0,0,0.33
0,0,0.33
0,0,0.33
0,0,0.33
0,0,0.33
0,0,0.33
0,0,0.33
0,0,0.33
0,0,0.33
0,0,0.33
0,0,0.33
0,0,0.33
0,0,0.33
0,0,0.33
0,0,0.33
1,0,0.33
0,0,0.33
1,0,0.33
0,0,0.33
0,0,0.33
0,0,0.33
0,0,0.33
0,0,0.33
0,0,0.33
0,0,0.33
0,0,0.33
0,0,0.33
1,0,0.33
0,0,0.33
1,0,0.33
0,1,0.33
0,1,0.33
1,1,0.33
0,0,0.33
0,0,0.33
0,0,0.33
0,0,0.33
0,0,0.33
0,0,0.33
0,0,0.33
1,0,0.33
0,0,0.33
0,0,0.33
0,0,0.33
0,0,0.3309
0,0,0.331
0,0,0.331
0,0,0.3312
0,0,0.3318
0,0,0.3318
0,0,0.332
0,0,0.332
0,0,0.332
0,0,0.3323
0,0,0.3327
0,0,0.3327
0,0,0.333
0,0,0.333
0,0,0.333
1,0,0.3331
0,0,0.33389
0,0,0.3339
1,0,0.334
0,0,0.334
0,0,0.334
1,1,0.3349
0,0,0.335
0,0,0.3353
0,0,0.3356
0,0,0.3357
1,0,0.3359
0,0,0.3359
0,0,0.336
0,0,0.336
0,0,0.3361
0,0,0.3365
1,0,0.3369
0,0,0.337
0,0,0.337
0,0,0.337
1,0,0.337
0,0,0.3372
1,0,0.3375
0,0,0.3378
1,0,0.338
0,0,0.338
0,0,0.338
0,0,0.338
0,1,0.3383
1,1,0.3386
0,0,0.3387
0,0,0.3393
0,1,0.3397
0,1,0.3397
1,1,0.34
0,0,0.34
0,0,0.34
0,1,0.34
0,0,0.34
0,0,0.34
0,0,0.34
0,0,0.34
0,0,0.34
0,0,0.34
1,0,0.34
1,0,0.34
0,0,0.34
0,0,0.34
0,0,0.34
0,0,0.34
0,0,0.34
0,0,0.34
0,0,0.34
0,0,0.34
0,0,0.34
0,0,0.34
0,0,0.34
0,0,0.34
0,0,0.34
0,0,0.34
0,0,0.34
0,0,0.34
0,0,0.34
0,0,0.34
0,0,0.34
0,0,0.34
0,0,0.34
1,0,0.34
1,0,0.34
1,1,0.34
0,1,0.34
0,0,0.34
0,0,0.34
0,0,0.34
0,0,0.34
0,0,0.34
0,0,0.34
0,1,0.34
0,0,0.34
1,0,0.34
0,0,0.34
0,0,0.34
1,1,0.34
0,0,0.34
0,0,0.34
0,0,0.34
0,0,0.34
0,0,0.34
0,0,0.34
0,0,0.34
0,0,0.34
0,0,0.34
0,0,0.34
0,0,0.34
0,0,0.34
0,0,0.34
1,0,0.34
0,0,0.34
0,0,0.34
0,0,0.34
1,0,0.34
0,0,0.34
0,0,0.34
1,1,0.34
0,0,0.34
0,0,0.34
0,0,0.34
0,0,0.34
0,0,0.34
0,0,0.34
1,0,0.34
0,0,0.34
0,0,0.34
1,0,0.34
1,0,0.34
0,0,0.34
0,0,0.34
0,0,0.34
0,0,0.34
0,0,0.34
0,0,0.34
0,0,0.34
0,0,0.34
1,0,0.34
0,0,0.34
1,0,0.34
0,0,0.34
1,0,0.34
0,0,0.34
0,0,0.34
0,0,0.34
0,0,0.34
1,1,0.34
0,0,0.34
0,0,0.34
0,0,0.34
0,1,0.34
0,0,0.34
0,1,0.34
1,1,0.34
0,0,0.34
1,0,0.34
0,0,0.34
0,0,0.34
0,0,0.34
0,0,0.34
0,0,0.34
0,0,0.34
0,0,0.34
0,0,0.34
0,0,0.34
0,0,0.34
0,0,0.34
1,0,0.34
0,0,0.34
0,0,0.34
0,0,0.34
0,0,0.34
0,1,0.3408
0,0,0.3408
0,0,0.341
0,0,0.341
0,0,0.341
0,0,0.341
0,0,0.3417
0,0,0.342
0,0,0.3423
0,0,0.344
0,0,0.344
0,0,0.3448
0,0,0.345
0,0,0.345
0,0,0.3453
0,0,0.3458
0,0,0.3458
0,0,0.3466
0,1,0.3466
0,0,0.347
1,0,0.347
0,0,0.347
0,0,0.347
0,0,0.347
0,0,0.3472
1,0,0.3475
0,0,0.348
0,0,0.348
0,0,0.348
0,0,0.3485
0,0,0.349
0,0,0.349
0,1,0.3493
0,0,0.3496
0,0,0.35
0,0,0.35
1,0,0.35
0,1,0.35
0,0,0.35
0,0,0.35
0,0,0.35
0,1,0.35
1,0,0.35
1,0,0.35
0,0,0.35
0,0,0.35
1,0,0.35
1,0,0.35
0,0,0.35
0,0,0.35
0,0,0.35
0,0,0.35
0,1,0.35
0,0,0.35
1,0,0.35
0,0,0.35
0,0,0.35
0,0,0.35
1,0,0.35
0,0,0.35
0,0,0.35
0,0,0.35
0,0,0.35
0,0,0.35
0,0,0.35
0,0,0.35
0,0,0.35
0,0,0.35
1,0,0.35
1,0,0.35
0,0,0.35
1,0,0.35
0,0,0.35
1,1,0.35
0,0,0.35
0,0,0.35
0,0,0.35
0,0,0.35
0,0,0.35
0,0,0.35
1,0,0.35
0,0,0.35
0,0,0.35
0,0,0.35
0,0,0.35
0,0,0.35
0,0,0.35
0,1,0.35
0,0,0.35
0,0,0.35
0,0,0.35
0,0,0.35
0,1,0.35
0,1,0.35
0,0,0.35
0,0,0.35
0,0,0.35
0,0,0.35
0,0,0.35
0,0,0.35
1,1,0.35
0,0,0.35
0,0,0.35
0,0,0.35
0,0,0.35
0,0,0.35
0,0,0.35
0,0,0.35
0,0,0.35
0,0,0.35
0,0,0.35
0,0,0.35
0,0,0.35
0,0,0.35
1,0,0.35
0,0,0.35
0,0,0.35
1,0,0.35
1,0,0.35
0,0,0.35
0,0,0.35
0,0,0.35
1,0,0.35
1,0,0.35
1,0,0.35
0,0,0.35
0,0,0.35
0,0,0.35
0,0,0.35
1,0,0.35
1,1,0.35
0,0,0.35
0,0,0.35
0,0,0.35
1,1,0.35
0,0,0.35
1,0,0.35
0,0,0.35
0,0,0.35
0,0,0.35
0,1,0.35
1,0,0.35
0,0,0.35
0,0,0.35
0,0,0.35
0,0,0.35
0,0,0.35
0,0,0.35
1,0,0.35
0,0,0.35
0,0,0.35
0,0,0.35
0,0,0.35
0,0,0.35
1,0,0.35
0,1,0.35
0,0,0.351
0,0,0.351
0,1,0.3513
0,0,0.3514
0,0,0.3517
0,0,0.352
0,0,0.352
0,0,0.352
0,0,0.3524
0,0,0.3524
0,0,0.3525
0,0,0.3527
0,0,0.3529
0,0,0.353
0,0,0.3534
1,0,0.3535
0,0,0.3537
1,0,0.354
0,0,0.354
1,0,0.354
0,0,0.3541
0,0,0.3548
0,0,0.355
1,1,0.355
1,0,0.355
0,0,0.3551
0,0,0.3554
0,0,0.3556
0,0,0.3556
0,0,0.356
0,0,0.356
0,0,0.356
0,0,0.3562
0,0,0.3569
0,0,0.357
0,0,0.357
0,0,0.357
0,0,0.357
0,0,0.3577
0,0,0.358
0,0,0.358
0,0,0.358
0,0,0.358
0,0,0.3581
1,1,0.3582
1,0,0.3583
0,0,0.3583
0,1,0.359
0,0,0.359
1,0,0.359
1,0,0.359
0,0,0.359
0,0,0.3592
0,0,0.3597
0,0,0.36
0,0,0.36
0,0,0.36
0,0,0.36
0,0,0.36
0,0,0.36
0,0,0.36
0,0,0.36
0,0,0.36
0,0,0.36
0,0,0.36
0,0,0.36
0,0,0.36
0,0,0.36
1,0,0.36
1,0,0.36
1,0,0.36
0,0,0.36
1,0,0.36
0,0,0.36
0,0,0.36
0,0,0.36
0,0,0.36
0,0,0.36
0,0,0.36
0,0,0.36
0,0,0.36
0,0,0.36
0,0,0.36
0,0,0.36
0,1,0.36
0,0,0.36
0,0,0.36
0,1,0.36
0,0,0.36
0,1,0.36
0,0,0.36
0,0,0.36
0,0,0.36
0,0,0.36
0,0,0.36
1,0,0.36
0,0,0.36
0,0,0.36
0,0,0.36
0,0,0.36
0,0,0.36
0,1,0.36
0,1,0.36
0,0,0.36
0,0,0.36
1,0,0.36
1,1,0.36
1,1,0.36
0,0,0.36
0,0,0.36
0,0,0.36
0,0,0.36
0,0,0.36
0,0,0.36
0,0,0.36
0,0,0.36
0,1,0.36
0,0,0.36
0,0,0.36
0,0,0.36
0,0,0.36
0,0,0.36
0,0,0.36
0,0,0.36
0,0,0.36
0,0,0.36
0,0,0.36
0,0,0.36
1,0,0.36
0,0,0.36
0,0,0.36
0,0,0.36
0,0,0.36
0,0,0.36
0,0,0.36
0,0,0.36
0,0,0.36
0,0,0.36
0,0,0.36
0,0,0.36
0,1,0.36
0,0,0.36
0,0,0.36
0,0,0.36
1,0,0.36
1,0,0.36
0,0,0.36
0,0,0.36
0,0,0.36
0,0,0.36
0,0,0.36
0,0,0.36
0,0,0.36
0,0,0.36
0,0,0.36
0,0,0.36
0,0,0.36
0,0,0.36
0,0,0.36
0,0,0.36
0,0,0.36
0,0,0.36
0,0,0.36
0,0,0.36
0,0,0.36
0,0,0.36
0,0,0.36
1,0,0.36
0,0,0.36
0,0,0.36
0,0,0.36
1,0,0.36
0,0,0.36
0,0,0.36
0,0,0.36
0,0,0.36
0,0,0.36
0,1,0.36
0,1,0.36
0,0,0.36
0,0,0.36
0,0,0.36
0,0,0.36
0,0,0.36
0,0,0.36
1,0,0.36
0,0,0.36
1,0,0.36
0,0,0.36
0,0,0.36
0,0,0.36
0,0,0.36
0,0,0.36
0,0,0.36
0,0,0.36
0,0,0.36
0,1,0.36
1,0,0.36
0,0,0.36
0,0,0.36
0,0,0.36
0,0,0.36
1,0,0.36
0,0,0.36
0,0,0.3606
0,0,0.361
0,0,0.3614
0,0,0.3614
0,0,0.3614
0,0,0.362
0,0,0.362
0,0,0.362
0,0,0.362
0,0,0.362
1,0,0.3627
0,0,0.3629
0,0,0.363
1,1,0.363
1,0,0.363
0,0,0.3638
0,0,0.364
0,0,0.364
0,0,0.364
0,0,0.364
0,0,0.3645
0,0,0.365
0,0,0.365
1,0,0.365
0,0,0.365
0,0,0.365
0,0,0.365
1,0,0.365
0,0,0.3656
0,0,0.366
0,0,0.366
0,0,0.366
0,0,0.366
0,0,0.366
0,0,0.3661
0,0,0.3669
0,1,0.367
0,0,0.367
1,1,0.367
0,1,0.367
1,0,0.3678
0,0,0.368
0,0,0.368
1,1,0.368
0,0,0.3687
0,0,0.3687
0,0,0.369
0,0,0.369
0,0,0.37
0,1,0.37
0,0,0.37
0,0,0.37
0,0,0.37
0,0,0.37
0,0,0.37
1,0,0.37
0,0,0.37
1,0,0.37
0,0,0.37
0,0,0.37
0,0,0.37
0,0,0.37
0,0,0.37
0,0,0.37
0,0,0.37
0,0,0.37
0,0,0.37
0,0,0.37
0,0,0.37
0,0,0.37
0,1,0.37
0,0,0.37
0,0,0.37
1,0,0.37
0,0,0.37
0,0,0.37
0,0,0.37
0,0,0.37
0,0,0.37
0,1,0.37
0,0,0.37
1,0,0.37
1,0,0.37
0,0,0.37
0,0,0.37
0,0,0.37
0,0,0.37
0,0,0.37
0,0,0.37
0,0,0.37
0,0,0.37
1,1,0.37
1,0,0.37
0,0,0.37
0,0,0.37
1,0,0.37
0,0,0.37
1,0,0.37
0,1,0.37
1,0,0.37
0,0,0.37
0,0,0.37
0,0,0.37
0,0,0.37
1,0,0.37
0,0,0.37
0,0,0.37
0,1,0.37
0,0,0.37
0,0,0.37
0,0,0.37
0,0,0.37
0,0,0.37
0,0,0.37
0,0,0.37
0,0,0.37
0,0,0.37
0,0,0.37
0,1,0.37
0,0,0.37
0,0,0.37
0,0,0.37
0,0,0.37
0,0,0.37
0,0,0.37
0,0,0.37
0,0,0.37
0,0,0.37
0,0,0.37
0,0,0.37
0,0,0.37
0,0,0.37
1,0,0.37
0,0,0.37
0,0,0.37
0,0,0.37
0,0,0.37
1,1,0.37
1,1,0.37
0,1,0.37
0,1,0.37
0,0,0.37
1,1,0.37
0,0,0.37
0,0,0.37
0,1,0.37
0,1,0.37
0,0,0.37
0,1,0.37
0,0,0.37
0,0,0.37
0,0,0.37
0,0,0.37
0,0,0.37
0,1,0.37
1,1,0.37
0,0,0.37
1,0,0.37
0,0,0.37
0,0,0.3702
0,1,0.3708
1,0,0.371
0,0,0.371
0,0,0.371
0,0,0.371
0,0,0.371
1,0,0.3714
0,0,0.372
0,0,0.3723
0,0,0.3726
0,0,0.3726
1,0,0.3727
0,0,0.3728
0,0,0.373
0,0,0.3731
0,0,0.3731
1,0,0.3733
0,0,0.3733
0,0,0.374
0,0,0.3743
1,0,0.3745
1,0,0.3749
0,0,0.375
0,0,0.375
0,0,0.375
0,0,0.376
1,0,0.3767
0,0,0.3767
0,0,0.3768
0,0,0.377
0,0,0.3777
0,0,0.3779
0,0,0.378
0,0,0.378
1,1,0.378
0,0,0.379
1,0,0.379
0,0,0.379
0,0,0.3797
1,0,0.3798
0,0,0.38
0,0,0.38
0,0,0.38
1,0,0.38
0,0,0.38
1,0,0.38
0,0,0.38
1,0,0.38
0,0,0.38
0,0,0.38
0,0,0.38
0,0,0.38
0,0,0.38
0,0,0.38
0,0,0.38
0,0,0.38
0,0,0.38
0,0,0.38
0,0,0.38
0,0,0.38
0,1,0.38
0,0,0.38
0,0,0.38
1,0,0.38
1,0,0.38
1,0,0.38
1,0,0.38
0,0,0.38
0,0,0.38
1,0,0.38
0,0,0.38
0,0,0.38
0,1,0.38
0,0,0.38
0,0,0.38
0,0,0.38
1,0,0.38
1,1,0.38
0,0,0.38
0,1,0.38
0,0,0.38
0,0,0.38
1,0,0.38
0,0,0.38
0,0,0.38
0,0,0.38
0,0,0.38
0,0,0.38
0,0,0.38
0,0,0.38
0,0,0.38
1,0,0.38
0,0,0.38
0,0,0.38
0,0,0.38
0,0,0.38
0,0,0.38
0,0,0.38
0,0,0.38
0,0,0.38
0,0,0.38
0,0,0.38
0,0,0.38
0,0,0.38
0,0,0.38
0,0,0.38
0,1,0.38
1,0,0.38
0,0,0.38
0,0,0.38
0,0,0.38
0,0,0.38
0,0,0.38
1,0,0.38
0,0,0.38
0,0,0.38
1,0,0.38
0,0,0.38
0,0,0.38
0,0,0.38
1,0,0.38
1,0,0.38
1,0,0.38
0,0,0.38
0,0,0.38
0,1,0.38
1,1,0.38
1,1,0.38
1,1,0.38
1,1,0.38
0,1,0.38
0,0,0.38
0,0,0.38
1,1,0.38
0,0,0.38
0,1,0.38
0,0,0.38
1,0,0.38
1,0,0.38
0,0,0.38
0,0,0.38
1,0,0.38
1,0,0.38
1,0,0.38
0,0,0.38
0,0,0.38
0,0,0.38
1,0,0.3801
0,0,0.381
0,0,0.381
0,0,0.381
1,0,0.381
0,0,0.3817
1,0,0.382
1,0,0.382
1,1,0.382
1,0,0.382
1,0,0.382
0,0,0.3821
1,0,0.383
0,0,0.383
1,1,0.3838
0,1,0.3839
0,0,0.384
0,0,0.384
0,0,0.384
0,0,0.384
0,0,0.384
0,0,0.384
0,0,0.384
0,0,0.3841
0,0,0.385
0,1,0.385
0,0,0.3852
0,0,0.386
0,0,0.386
0,0,0.386
0,0,0.387
1,1,0.388
0,1,0.388
0,0,0.388
0,0,0.388
0,0,0.3885
0,1,0.3886
1,0,0.3886
1,0,0.3887
0,0,0.389
1,0,0.389
1,0,0.389
0,0,0.389
0,0,0.39
0,0,0.39
0,0,0.39
0,0,0.39
0,0,0.39
0,0,0.39
1,1,0.39
0,1,0.39
0,0,0.39
1,0,0.39
1,1,0.39
0,0,0.39
0,0,0.39
0,0,0.39
0,0,0.39
0,0,0.39
0,0,0.39
1,0,0.39
0,0,0.39
1,1,0.39
1,1,0.39
1,1,0.39
0,0,0.39
0,0,0.39
0,0,0.39
0,0,0.39
0,0,0.39
0,0,0.39
0,0,0.39
1,1,0.39
0,1,0.39
0,0,0.39
0,0,0.39
0,0,0.39
1,0,0.39
0,0,0.39
0,0,0.39
0,0,0.39
0,0,0.39
1,0,0.39
0,1,0.39
1,0,0.39
0,0,0.39
0,0,0.39
0,0,0.39
1,0,0.39
0,0,0.39
0,0,0.39
1,0,0.39
1,0,0.39
0,0,0.39
0,0,0.39
0,0,0.39
0,0,0.39
0,0,0.39
1,1,0.39
1,1,0.39
1,1,0.39
0,1,0.39
0,0,0.39
0,0,0.39
1,1,0.39
0,0,0.39
0,0,0.39
0,0,0.39
0,0,0.39
0,0,0.39
0,0,0.39
1,1,0.39
0,0,0.39
0,0,0.39
0,0,0.39
0,0,0.39
0,0,0.39
1,0,0.39
0,0,0.39
1,0,0.3903
1,0,0.3905
0,0,0.3905
0,0,0.391
0,0,0.391
0,0,0.392
0,0,0.3922
1,1,0.3923
0,0,0.3924
1,0,0.3928
0,0,0.393
1,0,0.393
0,0,0.3936
0,0,0.3938
0,0,0.3945
0,0,0.395
1,0,0.395
0,0,0.395
1,0,0.3953
1,0,0.396
0,0,0.396
0,0,0.396
0,0,0.396
0,0,0.397
0,0,0.398
0,1,0.398
0,0,0.399
0,0,0.399
0,0,0.399
0,0,0.399
0,1,0.3996
1,1,0.4
0,0,0.4
0,0,0.4
1,0,0.4
0,0,0.4
0,0,0.4
0,0,0.4
0,0,0.4
0,0,0.4
0,0,0.4
0,0,0.4
1,1,0.4
0,0,0.4
0,0,0.4
0,0,0.4
0,0,0.4
0,0,0.4
0,0,0.4
0,0,0.4
0,1,0.4
1,0,0.4
0,0,0.4
0,0,0.4
0,1,0.4
0,0,0.4
0,0,0.4
0,0,0.4
0,0,0.4
0,0,0.4
0,0,0.4
0,0,0.4
1,1,0.4
0,1,0.4
0,0,0.4
0,0,0.4
1,0,0.4
1,0,0.4
0,0,0.4
0,1,0.4
0,0,0.4
0,0,0.4
0,0,0.4
0,0,0.4
0,0,0.4001
0,0,0.4001
0,0,0.4002
1,0,0.4009
1,0,0.4009
1,0,0.401
0,0,0.403
0,0,0.403
0,0,0.4037
0,0,0.404
0,0,0.405
0,0,0.4057
0,1,0.406
0,0,0.406
0,0,0.407
0,0,0.4075
0,0,0.4089
1,0,0.409
1,0,0.4098
0,0,0.4099
0,0,0.41
0,1,0.41
0,0,0.41
0,1,0.41
0,0,0.41
0,0,0.41
0,0,0.41
0,1,0.41
0,1,0.41
0,0,0.41
1,0,0.41
1,0,0.41
0,0,0.41
0,0,0.41
0,0,0.41
0,0,0.41
0,0,0.41
0,0,0.41
1,1,0.41
0,0,0.41
0,0,0.41
1,1,0.41
0,1,0.41
0,0,0.41
1,0,0.41
0,0,0.41
0,0,0.41
0,0,0.41
0,1,0.41
0,0,0.41
0,1,0.41
0,0,0.41
0,0,0.41
1,0,0.41
0,1,0.41
0,1,0.41
0,0,0.41
0,0,0.41
0,0,0.41
0,0,0.41
0,0,0.41
0,1,0.412
0,0,0.412
0,0,0.414
0,0,0.4147
1,1,0.4167
0,1,0.4168
0,1,0.4169
0,0,0.4191
1,0,0.42
0,0,0.42
1,0,0.42
1,0,0.42
1,1,0.42
0,0,0.42
0,0,0.42
0,0,0.42
0,0,0.42
0,0,0.42
0,0,0.42
0,0,0.42
0,0,0.42
0,0,0.42
0,0,0.42
1,0,0.42
0,0,0.42
0,1,0.42
0,1,0.42
0,1,0.42
1,1,0.42
0,1,0.42
1,0,0.42
1,0,0.42
0,0,0.42
0,0,0.42
0,0,0.42
0,0,0.42
0,1,0.42
0,0,0.4209
0,0,0.4215
0,0,0.422
1,1,0.425
1,0,0.425
0,0,0.4266
1,0,0.4266
0,0,0.427
1,0,0.4274
0,1,0.4294
0,1,0.43
0,1,0.43
0,1,0.43
0,0,0.43
1,0,0.43
0,0,0.43
0,0,0.43
0,1,0.43
0,0,0.43
1,1,0.43
0,0,0.43
0,1,0.43
0,1,0.43
1,0,0.43
1,0,0.43
0,0,0.43
0,0,0.43
0,0,0.43
0,0,0.43
0,0,0.43
0,0,0.43
0,0,0.43
1,0,0.43
0,1,0.43
1,1,0.43
0,0,0.43
0,0,0.43
1,1,0.43
0,0,0.431
0,1,0.4315
0,0,0.4391
0,0,0.44
0,0,0.44
1,0,0.44
0,0,0.44
0,0,0.44
1,1,0.44
0,1,0.44
0,0,0.44
1,0,0.44
0,0,0.44
0,0,0.44
1,1,0.44
1,1,0.44
0,1,0.44
0,1,0.44
0,0,0.44
0,0,0.44
1,1,0.44
1,1,0.44
0,0,0.44
1,1,0.442
0,1,0.442
0,0,0.4447
1,1,0.445
1,1,0.4468
1,1,0.4483
0,0,0.45
0,0,0.45
0,0,0.45
1,0,0.45
1,1,0.45
0,0,0.45
0,0,0.45
1,1,0.45
0,0,0.45
0,0,0.45
1,1,0.45
0,1,0.45
0,0,0.45
0,0,0.45
1,0,0.45
1,1,0.45
1,1,0.45
0,0,0.454
0,0,0.457
0,1,0.46
0,0,0.46
0,0,0.46
1,1,0.46
1,1,0.46
0,0,0.46
1,0,0.46
0,0,0.46
0,1,0.46
0,1,0.46
0,0,0.4611
0,0,0.4645
0,1,0.4668
1,0,0.4677
0,0,0.468
1,1,0.47
0,0,0.47
1,0,0.47
0,0,0.47
0,0,0.47
0,0,0.47
0,0,0.47
0,0,0.47
1,0,0.47
0,1,0.47
0,1,0.47
0,1,0.47
0,0,0.47
0,0,0.47
0,0,0.47
0,1,0.47
1,1,0.47
0,0,0.47
0,0,0.47
0,1,0.47
0,0,0.47
1,0,0.472
0,1,0.472
0,1,0.4778
1,1,0.479
0,0,0.4794
0,1,0.48
0,0,0.48
1,1,0.48
1,0,0.48
0,0,0.48
0,1,0.48
0,0,0.483
0,1,0.484
0,0,0.487
0,0,0.4899
0,1,0.49
1,1,0.49
0,0,0.49
0,1,0.49
0,1,0.49
1,1,0.49
0,0,0.49
0,0,0.49
0,0,0.49
1,0,0.4997
0,1,0.5
0,0,0.5
0,0,0.5
0,1,0.5
0,1,0.505
1,1,0.51
0,0,0.51
0,0,0.51
1,1,0.518
1,1,0.52
1,1,0.52
0,1,0.52
0,1,0.52
0,0,0.52
0,1,0.52
0,0,0.53
1,1,0.53
1,1,0.53
1,0,0.53
0,0,0.53
0,0,0.53
1,1,0.53
1,1,0.537
0,0,0.54
0,1,0.54
1,1,0.55
0,0,0.55
0,0,0.55
0,0,0.56
0,1,0.57
0,1,0.57
0,0,0.57
1,1,0.576
0,0,0.577
1,0,0.58
1,0,0.58
1,1,0.58
0,1,0.584
1,1,0.5892
1,1,0.59
1,1,0.6
0,0,0.6046
0,1,0.61
0,0,0.61
1,1,0.63
0,1,0.63
0,0,0.65
0,1,0.65
0,1,0.66
1,1,0.66
0,0,0.661
0,1,0.67
0,1,0.69
0,0,0.692
0,1,0.692
0,1,0.7
0,1,0.73
0,0,0.73
1,1,0.74
0,1,0.75
0,1,0.78
0,1,0.79
1,0,0.8142
0,1,0.82
1,1,0.83
0,0,0.83
1,1,0.84
1,1,0.9306
0,0,0.95
0,1,1.14
0,1,1.16
0,1,1.21
0,0,1.28
0,1,1.42
0,1,1.42
